user_id,item_id,suitability_rating
1,305,2.37
1,341,2.66
1,48,1.98
1,68,2.09
1,480,1.92
1,486,3.32
1,311,1.56
1,32,2.51
1,250,1.97
1,91,2.39
1,323,2.42
1,169,2.16
2,130,2.2
2,281,2.56
2,441,2.22
2,385,2.77
2,226,2.07
2,417,2.25
2,2,3.37
2,436,2.8
2,347,2.46
2,315,2.93
2,475,1.99
2,318,3.5
3,131,2.34
3,292,1.76
3,38,2.59
3,240,1.77
3,192,1.84
3,421,1.74
3,324,5.0
3,28,1.45
3,212,1.75
3,485,2.27
3,171,2.58
3,154,3.65
4,67,3.16
4,153,3.28
4,124,2.3
4,286,2.49
4,71,3.43
4,340,3.61
4,81,2.52
4,449,2.31
4,450,2.67
4,12,2.19
4,103,2.61
4,170,2.06
5,242,1.95
5,449,2.2
5,76,3.83
5,213,2.62
5,482,2.1
5,281,3.2
5,475,2.49
5,270,2.62
5,41,2.42
5,223,2.67
5,57,2.24
5,345,2.54
6,253,2.31
6,196,2.52
6,225,2.37
6,500,2.21
6,14,2.76
6,432,3.87
6,403,2.73
6,260,1.76
6,201,4.11
6,433,2.07
6,318,3.57
6,212,2.13
7,309,2.29
7,14,2.15
7,415,2.78
7,33,2.1
7,461,2.39
7,156,2.75
7,250,3.2
7,218,2.15
7,222,2.01
7,294,2.04
7,133,2.21
7,466,1.64
8,371,2.66
8,57,3.22
8,150,2.89
8,248,3.68
8,98,1.83
8,130,2.95
8,9,1.57
8,65,1.49
8,365,2.08
8,374,3.12
8,126,2.59
8,257,1.84
9,371,3.68
9,257,2.29
9,125,1.94
9,321,2.31
9,323,2.53
9,195,1.45
9,277,2.52
9,380,4.78
9,272,1.78
9,322,2.54
9,3,2.47
9,197,3.09
10,152,1.81
10,425,2.46
10,155,1.99
10,191,3.71
10,132,4.59
10,311,1.87
10,267,2.27
10,496,1.4
10,158,2.4
10,283,1.39
10,453,2.17
10,153,1.61
11,248,2.85
11,240,2.41
11,71,2.84
11,137,2.12
11,388,1.98
11,349,4.17
11,84,2.03
11,235,1.55
11,457,2.35
11,316,1.83
11,358,1.86
11,441,3.25
12,476,3.13
12,386,2.9
12,168,2.18
12,41,2.78
12,351,2.19
12,43,2.73
12,251,2.13
12,470,2.15
12,7,2.36
12,160,2.38
12,15,1.91
12,500,3.13
13,1,1.97
13,335,2.99
13,34,4.25
13,265,2.02
13,429,3.26
13,8,4.97
13,486,3.03
13,319,1.3
13,77,4.32
13,222,2.12
13,135,2.35
13,466,1.99
14,296,2.73
14,316,1.95
14,21,3.39
14,466,2.64
14,45,3.21
14,438,1.63
14,154,2.78
14,118,2.67
14,484,1.93
14,353,2.08
14,175,2.3
14,215,3.47
15,370,2.8
15,56,3.18
15,271,3.89
15,388,1.98
15,201,2.37
15,236,2.67
15,147,3.54
15,431,3.17
15,372,2.97
15,106,1.9
15,468,3.32
15,111,2.3
16,344,2.11
16,19,1.74
16,371,1.98
16,238,3.42
16,305,2.51
16,104,2.45
16,148,2.56
16,420,2.16
16,127,2.91
16,260,2.34
16,358,2.42
16,336,1.97
17,191,2.21
17,268,2.85
17,458,1.9
17,264,3.08
17,160,1.95
17,462,2.34
17,465,3.24
17,59,2.61
17,358,1.92
17,184,2.1
17,262,4.06
17,447,2.7
18,208,2.55
18,240,2.45
18,2,2.98
18,104,2.44
18,178,3.77
18,484,3.95
18,218,2.96
18,449,3.99
18,345,3.24
18,219,2.79
18,182,2.03
18,98,4.0
19,13,1.81
19,11,2.42
19,318,4.66
19,442,4.25
19,362,2.48
19,104,2.6
19,424,2.61
19,270,2.3
19,99,2.57
19,151,2.4
19,77,4.34
19,211,1.98
20,286,1.74
20,103,1.9
20,149,1.81
20,488,3.47
20,389,3.15
20,14,1.91
20,495,2.36
20,238,2.49
20,30,2.32
20,395,1.45
20,494,1.65
20,244,2.63
21,150,2.96
21,469,1.92
21,295,3.49
21,344,1.96
21,423,2.34
21,449,3.53
21,67,2.79
21,497,2.41
21,128,2.44
21,71,3.15
21,364,1.99
21,114,2.19
22,454,2.08
22,287,3.98
22,263,2.34
22,297,1.85
22,153,3.34
22,217,2.49
22,238,2.62
22,306,2.61
22,59,2.35
22,68,2.07
22,264,2.11
22,3,3.21
23,95,2.26
23,391,1.76
23,179,3.45
23,441,3.31
23,340,2.9
23,67,3.84
23,365,2.06
23,186,2.1
23,218,3.11
23,467,2.75
23,272,1.58
23,180,3.41
24,422,2.22
24,106,2.14
24,223,2.94
24,120,2.95
24,348,2.02
24,353,1.95
24,131,2.34
24,188,3.77
24,33,2.1
24,4,1.52
24,137,2.37
24,32,3.9
25,412,1.72
25,381,2.57
25,39,2.89
25,255,2.11
25,235,2.5
25,326,2.87
25,40,2.17
25,362,5.0
25,24,3.6
25,232,3.14
25,383,3.57
25,276,1.87
26,247,2.01
26,483,1.73
26,352,2.78
26,130,1.46
26,177,2.42
26,153,3.04
26,432,3.5
26,59,2.43
26,242,2.43
26,122,1.58
26,82,3.34
26,258,2.45
27,38,1.75
27,487,2.28
27,422,2.2
27,24,2.03
27,425,3.19
27,173,2.68
27,137,3.06
27,499,1.51
27,401,1.96
27,320,1.68
27,498,4.44
27,372,2.43
28,489,2.38
28,336,2.21
28,305,2.22
28,333,1.89
28,232,3.92
28,59,2.05
28,255,3.21
28,50,3.34
28,427,2.07
28,366,2.79
28,350,3.35
28,132,2.55
29,166,2.25
29,273,2.33
29,192,1.72
29,406,1.93
29,30,2.51
29,453,2.48
29,358,1.61
29,449,1.25
29,294,2.14
29,169,2.87
29,423,2.3
29,447,2.29
30,22,3.23
30,240,2.87
30,104,3.22
30,274,3.1
30,23,3.39
30,32,3.01
30,472,2.97
30,280,3.65
30,282,2.84
30,101,2.64
30,447,3.09
30,305,2.89
31,391,2.31
31,73,2.0
31,5,2.68
31,185,2.17
31,240,2.29
31,462,3.79
31,438,2.79
31,127,3.4
31,292,2.0
31,464,2.44
31,38,2.03
31,174,2.19
32,28,2.09
32,325,1.93
32,193,2.02
32,332,2.49
32,173,3.38
32,92,3.57
32,86,2.72
32,467,1.31
32,442,2.67
32,495,2.25
32,482,1.58
32,465,3.21
33,154,3.54
33,484,2.43
33,28,1.93
33,51,2.52
33,443,2.05
33,426,1.88
33,177,1.79
33,272,2.29
33,500,1.86
33,214,2.06
33,369,2.06
33,326,2.0
34,164,2.45
34,184,2.42
34,287,2.63
34,106,1.78
34,437,1.71
34,367,3.23
34,462,3.02
34,128,2.62
34,413,2.79
34,404,1.37
34,474,2.19
34,236,2.57
35,78,3.1
35,442,1.99
35,165,3.01
35,274,3.34
35,7,2.38
35,81,2.96
35,487,2.89
35,491,3.4
35,111,2.94
35,118,2.56
35,213,3.62
35,102,2.84
36,14,2.39
36,428,1.67
36,366,1.84
36,468,2.09
36,260,2.24
36,376,2.6
36,400,1.52
36,348,2.94
36,290,4.31
36,27,2.23
36,219,1.77
36,49,2.36
37,237,3.09
37,379,2.64
37,444,3.54
37,422,2.13
37,175,3.16
37,186,1.79
37,305,2.96
37,428,2.1
37,382,2.46
37,259,3.85
37,154,3.01
37,472,2.04
38,447,2.46
38,148,2.36
38,315,3.0
38,415,3.25
38,477,3.47
38,324,3.26
38,81,2.83
38,254,1.66
38,119,3.02
38,30,2.47
38,51,1.63
38,27,3.39
39,145,2.71
39,472,2.25
39,60,2.35
39,237,2.74
39,400,1.5
39,220,2.83
39,498,3.19
39,419,2.91
39,212,2.46
39,338,2.49
39,380,3.56
39,51,2.76
40,168,1.77
40,170,2.62
40,462,2.32
40,254,2.09
40,43,3.53
40,370,2.18
40,27,2.49
40,378,3.68
40,239,1.87
40,375,2.11
40,141,2.93
40,176,1.61
41,197,3.77
41,281,2.36
41,389,3.72
41,380,1.9
41,336,2.41
41,276,3.74
41,245,2.6
41,439,2.1
41,240,2.24
41,494,2.4
41,363,2.21
41,464,3.61
42,362,2.57
42,74,2.66
42,375,2.93
42,156,4.11
42,105,2.46
42,395,2.55
42,378,2.14
42,125,1.77
42,69,3.11
42,451,2.51
42,10,2.83
42,195,3.01
43,18,2.11
43,128,2.6
43,364,3.48
43,83,4.21
43,61,2.2
43,252,2.38
43,259,3.56
43,340,3.13
43,209,3.15
43,68,3.24
43,404,1.95
43,399,1.57
44,92,3.93
44,79,2.1
44,472,2.1
44,305,2.51
44,123,2.58
44,205,2.44
44,274,2.28
44,475,2.86
44,321,3.42
44,50,3.79
44,166,1.95
44,180,3.31
45,205,3.03
45,482,3.83
45,297,2.86
45,39,3.35
45,299,2.99
45,62,3.05
45,372,3.15
45,361,3.07
45,414,3.8
45,65,3.06
45,282,3.28
45,203,3.53
46,154,2.7
46,225,1.98
46,109,1.47
46,248,3.94
46,166,2.11
46,306,3.5
46,383,2.4
46,11,2.06
46,57,2.84
46,56,2.7
46,309,2.72
46,283,2.42
47,466,2.76
47,58,2.21
47,159,2.27
47,40,1.81
47,272,2.11
47,451,2.0
47,76,3.24
47,204,2.24
47,109,2.24
47,144,4.33
47,6,3.33
47,233,3.52
48,437,1.6
48,12,4.23
48,26,2.05
48,421,1.35
48,136,1.97
48,54,1.96
48,335,3.53
48,271,3.52
48,92,2.64
48,270,2.95
48,389,4.13
48,234,2.2
49,340,3.22
49,372,2.86
49,456,3.47
49,240,3.28
49,86,3.86
49,106,3.44
49,220,2.73
49,302,2.81
49,424,2.95
49,389,2.68
49,211,3.01
49,20,3.25
50,332,2.24
50,375,1.44
50,435,2.18
50,355,1.81
50,346,2.89
50,442,1.99
50,260,2.29
50,182,2.62
50,457,2.88
50,291,2.14
50,24,2.09
50,122,2.46
51,107,3.05
51,172,3.81
51,218,3.27
51,119,2.43
51,124,1.96
51,380,4.23
51,365,1.99
51,426,1.71
51,421,1.92
51,181,2.13
51,299,3.62
51,57,1.72
52,176,2.52
52,138,2.81
52,497,2.29
52,232,2.74
52,28,2.05
52,258,2.61
52,243,2.26
52,300,1.9
52,411,2.62
52,393,2.58
52,115,1.75
52,200,2.71
53,112,2.98
53,477,2.56
53,300,2.1
53,133,1.53
53,443,3.16
53,285,2.39
53,126,1.43
53,147,2.71
53,498,4.04
53,313,1.72
53,278,2.47
53,195,2.4
54,81,3.14
54,412,2.02
54,78,2.55
54,127,4.04
54,496,2.06
54,100,2.17
54,254,2.01
54,447,2.03
54,45,1.62
54,244,1.28
54,33,2.15
54,356,2.32
55,85,1.57
55,310,1.65
55,34,2.82
55,371,3.12
55,7,2.31
55,202,1.75
55,287,3.14
55,464,4.08
55,39,1.77
55,187,2.62
55,26,1.83
55,274,1.67
56,102,3.54
56,67,4.37
56,217,2.41
56,427,2.21
56,240,2.6
56,438,1.75
56,445,2.61
56,78,2.27
56,116,1.94
56,39,3.42
56,114,2.8
56,448,2.04
57,132,4.25
57,446,2.4
57,409,2.64
57,440,1.5
57,8,3.32
57,10,1.77
57,363,3.26
57,329,2.38
57,254,2.14
57,444,2.75
57,437,2.92
57,243,2.3
58,55,2.47
58,193,1.7
58,312,1.77
58,115,2.36
58,422,1.88
58,470,2.86
58,499,1.67
58,93,3.15
58,197,4.72
58,199,2.03
58,153,2.01
58,267,3.49
59,437,2.87
59,231,3.06
59,286,2.23
59,265,2.15
59,50,3.13
59,109,2.65
59,470,3.02
59,306,3.81
59,162,2.2
59,34,2.41
59,155,2.07
59,150,2.78
60,250,3.17
60,406,2.2
60,41,3.21
60,166,2.46
60,474,2.4
60,266,2.4
60,204,2.46
60,315,2.71
60,214,1.56
60,382,3.24
60,338,2.45
60,407,2.39
61,446,1.65
61,432,1.82
61,166,2.59
61,408,2.19
61,309,1.92
61,228,1.87
61,405,1.86
61,483,1.68
61,276,2.57
61,406,2.89
61,161,2.83
61,430,2.53
62,84,3.25
62,236,2.75
62,208,3.04
62,169,3.19
62,136,2.88
62,62,3.01
62,126,2.89
62,465,3.32
62,172,2.74
62,58,2.97
62,104,3.3
62,79,2.81
63,104,3.21
63,220,1.83
63,423,2.3
63,112,1.53
63,374,3.04
63,197,3.98
63,109,1.65
63,43,1.76
63,190,2.18
63,418,2.36
63,10,2.42
63,226,2.17
64,241,3.72
64,341,3.89
64,216,2.14
64,58,2.32
64,245,3.74
64,450,2.66
64,8,2.35
64,304,1.96
64,338,2.69
64,138,1.96
64,259,1.24
64,384,2.3
65,38,1.81
65,223,2.27
65,408,3.02
65,363,2.37
65,414,3.55
65,168,2.45
65,45,3.08
65,261,1.91
65,307,3.56
65,175,3.12
65,269,2.57
65,109,2.38
66,318,3.81
66,295,3.68
66,1,2.13
66,282,2.94
66,286,2.22
66,400,1.88
66,290,2.29
66,243,3.19
66,461,3.58
66,283,3.13
66,292,2.03
66,144,1.93
67,270,3.53
67,427,3.8
67,155,3.16
67,201,3.14
67,409,3.22
67,366,3.31
67,90,2.88
67,21,3.28
67,272,3.54
67,344,3.08
67,38,2.97
67,417,3.95
68,122,1.35
68,368,2.54
68,418,2.07
68,8,1.66
68,103,2.48
68,351,2.48
68,385,3.1
68,222,2.33
68,116,2.56
68,211,3.51
68,163,2.87
68,390,2.56
69,482,2.73
69,131,1.44
69,174,2.21
69,163,3.0
69,1,4.76
69,300,2.24
69,8,2.74
69,32,3.49
69,85,2.72
69,137,3.29
69,135,3.18
69,423,2.07
70,198,2.04
70,75,1.84
70,277,1.79
70,202,2.29
70,350,1.85
70,204,2.06
70,251,1.51
70,147,1.97
70,305,3.17
70,262,3.67
70,224,2.33
70,382,1.49
71,149,2.49
71,16,2.34
71,54,2.41
71,174,3.07
71,248,2.64
71,340,2.64
71,65,1.94
71,27,2.23
71,390,2.67
71,173,2.14
71,216,2.89
71,306,2.32
72,176,2.38
72,421,2.31
72,204,2.67
72,40,2.38
72,99,1.75
72,438,1.47
72,325,1.67
72,380,2.45
72,431,2.39
72,133,2.18
72,444,2.45
72,63,2.31
73,32,2.23
73,177,3.05
73,316,2.96
73,265,2.31
73,9,2.91
73,306,2.69
73,258,1.25
73,420,1.75
73,443,2.93
73,123,1.65
73,371,2.95
73,69,3.03
74,314,1.92
74,196,2.07
74,97,3.26
74,88,2.15
74,130,2.62
74,377,3.09
74,235,1.97
74,79,2.61
74,264,3.15
74,100,2.38
74,454,2.63
74,397,2.7
75,178,2.09
75,461,2.43
75,122,1.9
75,96,2.04
75,379,1.99
75,55,1.93
75,344,1.96
75,307,1.64
75,208,1.81
75,391,2.33
75,9,2.06
75,169,1.64
76,117,2.44
76,466,2.0
76,8,3.24
76,98,3.05
76,151,2.37
76,436,3.22
76,231,2.18
76,103,2.62
76,145,2.35
76,408,2.07
76,76,3.69
76,60,2.21
77,311,2.5
77,355,2.09
77,444,1.95
77,53,2.28
77,156,3.28
77,250,1.79
77,340,2.46
77,161,1.42
77,17,2.66
77,107,3.69
77,47,1.62
77,247,1.86
78,472,1.91
78,46,1.92
78,334,3.69
78,240,2.27
78,193,2.46
78,333,2.49
78,182,1.8
78,137,1.93
78,163,1.41
78,500,1.72
78,99,2.64
78,187,2.57
79,357,1.57
79,286,1.79
79,436,2.29
79,82,4.1
79,434,1.72
79,365,3.15
79,460,1.83
79,110,1.99
79,57,2.49
79,186,2.3
79,451,1.85
79,41,1.96
80,257,2.27
80,232,2.47
80,445,2.51
80,460,3.16
80,354,3.7
80,287,3.1
80,61,2.84
80,58,2.18
80,119,3.61
80,464,3.33
80,496,1.96
80,76,2.76
81,127,1.75
81,315,2.21
81,268,1.88
81,283,2.05
81,497,4.11
81,472,3.08
81,101,3.22
81,360,2.78
81,436,1.97
81,322,1.81
81,157,2.12
81,202,2.08
82,259,2.84
82,211,2.43
82,492,1.31
82,336,2.26
82,418,1.62
82,189,2.08
82,254,3.03
82,481,2.28
82,224,1.41
82,161,1.9
82,240,2.39
82,467,3.29
83,430,1.57
83,369,2.17
83,131,1.84
83,386,2.26
83,14,3.93
83,395,2.47
83,402,2.09
83,98,2.16
83,315,2.68
83,62,2.03
83,491,2.11
83,361,1.86
84,127,2.09
84,159,2.18
84,273,2.52
84,477,1.87
84,50,3.63
84,118,2.29
84,6,2.39
84,66,2.28
84,149,3.48
84,211,3.94
84,61,1.68
84,241,2.07
85,413,2.79
85,267,2.48
85,310,1.65
85,213,3.1
85,106,2.37
85,324,4.08
85,275,2.28
85,168,3.1
85,285,2.18
85,342,3.23
85,372,2.19
85,484,2.03
86,205,2.23
86,4,2.25
86,482,1.93
86,54,2.4
86,356,2.61
86,481,1.97
86,183,2.23
86,401,2.07
86,275,1.99
86,166,1.86
86,441,2.39
86,190,2.63
87,155,2.13
87,228,2.14
87,57,1.96
87,373,1.92
87,212,1.78
87,106,2.3
87,200,3.33
87,208,2.18
87,301,2.25
87,29,3.48
87,159,1.78
87,14,3.15
88,299,2.28
88,381,2.66
88,390,2.72
88,203,2.55
88,270,2.82
88,206,2.97
88,294,2.29
88,144,3.19
88,409,2.24
88,37,1.74
88,377,3.06
88,257,1.95
89,230,2.62
89,357,2.79
89,211,2.24
89,459,3.37
89,274,2.9
89,232,2.91
89,125,3.13
89,12,3.23
89,209,2.34
89,185,3.03
89,121,2.63
89,58,2.97
90,52,2.29
90,49,1.93
90,224,1.91
90,255,1.3
90,119,3.22
90,259,1.97
90,400,3.02
90,232,2.8
90,463,2.48
90,293,1.94
90,439,2.34
90,267,3.06
91,280,2.93
91,389,3.73
91,125,2.37
91,34,1.83
91,52,2.68
91,5,1.96
91,266,2.17
91,156,3.18
91,152,2.67
91,431,3.37
91,452,2.14
91,114,3.12
92,41,1.99
92,31,1.38
92,346,3.46
92,229,2.16
92,203,3.12
92,355,2.05
92,486,3.01
92,338,2.39
92,489,2.0
92,130,2.3
92,327,1.89
92,107,3.05
93,391,2.29
93,67,1.7
93,66,1.77
93,336,1.89
93,101,1.53
93,298,1.71
93,172,2.88
93,356,2.31
93,51,2.84
93,409,2.07
93,245,2.3
93,220,1.95
94,92,4.54
94,218,1.96
94,340,2.09
94,316,2.5
94,178,1.15
94,337,1.95
94,86,4.2
94,6,2.32
94,16,3.34
94,251,2.43
94,277,2.03
94,202,2.37
95,147,4.08
95,472,2.29
95,462,3.22
95,479,3.42
95,300,1.95
95,275,2.14
95,33,2.7
95,190,2.21
95,2,2.89
95,232,1.5
95,376,2.11
95,309,1.57
96,223,2.82
96,290,3.35
96,302,2.84
96,241,3.51
96,119,2.11
96,464,2.11
96,467,2.52
96,72,2.9
96,91,2.66
96,428,2.67
96,8,2.23
96,372,1.62
97,58,1.76
97,184,2.59
97,177,2.43
97,169,1.68
97,424,1.7
97,131,2.69
97,124,1.58
97,290,3.57
97,275,1.68
97,340,3.22
97,478,3.58
97,212,2.51
98,417,2.21
98,273,1.94
98,367,2.41
98,261,1.65
98,385,2.56
98,432,3.32
98,467,2.22
98,145,2.35
98,29,2.9
98,187,2.23
98,57,3.54
98,191,4.17
99,492,2.99
99,419,3.31
99,252,2.31
99,104,2.49
99,176,1.59
99,460,2.39
99,403,2.25
99,47,2.25
99,180,3.15
99,31,2.01
99,232,2.54
99,215,3.51
100,70,2.78
100,30,2.7
100,472,2.94
100,345,3.44
100,55,2.47
100,190,2.39
100,464,3.26
100,185,2.92
100,141,3.26
100,126,3.29
100,150,2.82
100,52,3.42
101,19,1.44
101,362,2.46
101,105,1.96
101,5,2.17
101,157,2.24
101,351,2.58
101,33,2.31
101,206,2.08
101,82,2.31
101,415,2.53
101,490,1.87
101,475,2.64
102,144,3.75
102,460,3.1
102,282,2.51
102,149,2.99
102,200,3.07
102,71,3.3
102,415,3.85
102,41,2.54
102,226,2.62
102,401,2.46
102,305,3.22
102,94,3.06
103,38,2.35
103,224,1.97
103,486,3.69
103,394,3.55
103,465,2.01
103,171,2.73
103,266,1.44
103,263,2.36
103,441,3.01
103,297,2.0
103,159,2.23
103,310,2.27
104,168,3.34
104,173,2.48
104,460,1.23
104,255,2.54
104,432,1.9
104,327,1.91
104,112,2.15
104,3,3.21
104,354,1.44
104,157,2.86
104,63,2.71
104,373,2.52
105,363,3.37
105,260,2.07
105,366,2.15
105,285,2.31
105,22,1.78
105,445,3.87
105,204,2.63
105,347,1.93
105,86,2.65
105,113,1.85
105,303,1.67
105,169,2.57
106,489,2.52
106,232,2.72
106,179,1.89
106,402,3.3
106,423,1.56
106,478,2.81
106,40,2.61
106,78,2.14
106,335,1.84
106,361,2.39
106,1,2.85
106,170,2.88
107,473,2.73
107,49,3.21
107,259,3.17
107,74,1.77
107,267,2.66
107,222,2.64
107,396,1.77
107,114,3.46
107,102,3.5
107,27,1.79
107,414,3.35
107,241,3.35
108,180,2.76
108,257,2.28
108,158,2.61
108,331,2.31
108,311,1.88
108,363,2.56
108,470,2.3
108,288,3.07
108,150,1.86
108,310,2.24
108,455,2.44
108,101,3.9
109,46,4.69
109,260,1.45
109,285,2.57
109,497,2.74
109,225,3.09
109,199,2.83
109,221,1.93
109,358,2.32
109,403,1.96
109,468,3.53
109,243,1.49
109,29,2.4
110,383,3.06
110,422,3.93
110,108,2.31
110,133,1.85
110,171,1.79
110,9,2.37
110,375,2.85
110,75,2.44
110,98,3.93
110,349,3.13
110,89,2.24
110,335,4.22
111,293,3.18
111,338,2.11
111,431,2.57
111,400,2.72
111,381,2.87
111,401,2.88
111,396,2.06
111,441,2.31
111,216,1.62
111,147,2.37
111,472,2.24
111,445,2.65
112,93,3.23
112,457,2.16
112,384,2.8
112,44,1.76
112,416,3.42
112,339,1.66
112,349,3.84
112,73,2.46
112,381,2.27
112,473,1.91
112,341,1.79
112,481,3.8
113,23,3.61
113,178,2.74
113,400,2.03
113,486,1.72
113,304,2.01
113,307,2.18
113,299,3.15
113,142,2.49
113,200,2.23
113,290,2.47
113,500,2.37
113,122,1.65
114,466,2.17
114,38,2.49
114,349,4.5
114,148,3.49
114,156,3.71
114,241,3.74
114,297,2.19
114,249,2.61
114,72,3.39
114,113,2.93
114,321,2.08
114,82,2.87
115,196,2.53
115,439,3.35
115,150,3.19
115,412,2.38
115,462,3.0
115,250,1.61
115,356,2.15
115,174,2.87
115,199,2.46
115,403,2.59
115,332,2.3
115,22,2.93
116,459,1.62
116,361,1.86
116,350,3.54
116,500,2.3
116,244,3.3
116,230,2.97
116,483,1.47
116,106,2.28
116,144,2.31
116,249,2.2
116,303,2.18
116,492,3.02
117,191,3.3
117,58,3.07
117,190,2.94
117,108,2.15
117,148,2.47
117,464,1.82
117,316,1.55
117,212,2.68
117,349,3.83
117,408,1.7
117,75,2.54
117,121,1.86
118,143,3.27
118,358,3.42
118,62,3.44
118,298,2.42
118,261,3.72
118,416,2.99
118,392,2.77
118,310,2.95
118,164,2.58
118,176,3.34
118,42,2.54
118,246,2.73
119,485,1.77
119,59,2.39
119,353,2.08
119,493,2.54
119,328,3.11
119,14,2.4
119,166,1.61
119,236,2.73
119,148,1.95
119,444,2.81
119,254,2.06
119,130,2.48
120,429,2.99
120,499,2.51
120,365,2.47
120,208,1.54
120,205,2.26
120,486,2.09
120,475,1.66
120,317,1.96
120,44,2.12
120,247,1.98
120,397,2.31
120,175,2.93
121,490,2.22
121,365,1.68
121,475,2.71
121,144,4.16
121,492,1.65
121,108,1.97
121,318,2.98
121,389,3.57
121,211,4.17
121,429,1.79
121,364,1.98
121,349,3.45
122,158,2.67
122,83,3.92
122,489,2.05
122,100,2.36
122,190,2.11
122,381,2.2
122,108,2.99
122,119,2.47
122,241,1.55
122,102,2.29
122,398,3.18
122,192,2.2
123,230,4.19
123,338,2.54
123,328,3.11
123,417,1.68
123,307,3.86
123,132,5.0
123,6,3.69
123,432,3.92
123,435,2.14
123,135,3.34
123,277,2.37
123,265,2.41
124,59,3.12
124,7,2.88
124,167,2.36
124,177,3.38
124,61,3.1
124,261,3.18
124,409,3.69
124,205,3.08
124,139,3.1
124,108,2.54
124,355,3.19
124,15,2.84
125,427,2.08
125,277,1.87
125,64,1.95
125,57,2.29
125,360,1.85
125,328,2.84
125,332,2.91
125,472,2.78
125,449,1.95
125,222,2.54
125,238,1.82
125,309,2.09
126,448,3.6
126,407,1.92
126,271,2.63
126,30,1.76
126,172,2.68
126,246,2.01
126,401,3.48
126,469,2.05
126,482,2.54
126,491,3.12
126,195,2.7
126,169,2.08
127,328,2.47
127,103,2.47
127,480,2.33
127,82,3.16
127,214,3.07
127,425,2.17
127,197,3.2
127,68,2.61
127,135,1.73
127,398,4.21
127,265,2.54
127,417,2.63
128,98,2.38
128,125,2.83
128,166,1.72
128,274,1.82
128,232,2.11
128,217,2.25
128,143,3.22
128,430,2.81
128,210,1.53
128,140,4.24
128,302,2.09
128,221,2.6
129,44,2.7
129,176,1.73
129,160,1.81
129,373,2.9
129,422,2.46
129,294,2.38
129,186,2.31
129,85,1.73
129,324,3.0
129,219,1.76
129,75,1.83
129,387,3.71
130,388,1.56
130,253,2.28
130,461,2.9
130,275,2.2
130,12,3.28
130,97,3.12
130,246,3.2
130,415,3.34
130,380,1.88
130,383,2.79
130,77,3.62
130,210,1.71
131,75,3.33
131,192,2.44
131,157,1.53
131,54,1.54
131,368,2.17
131,437,4.39
131,111,2.19
131,472,2.21
131,230,3.11
131,270,2.11
131,325,2.03
131,454,1.52
132,215,1.92
132,138,2.3
132,350,2.06
132,10,3.34
132,431,2.13
132,397,1.89
132,360,2.92
132,197,2.47
132,475,2.15
132,447,2.21
132,355,3.32
132,386,2.2
133,296,2.77
133,295,2.88
133,27,3.39
133,410,2.28
133,438,1.85
133,38,1.9
133,280,2.34
133,103,2.32
133,176,1.56
133,117,2.32
133,213,1.75
133,47,1.56
134,260,1.92
134,93,1.89
134,14,3.15
134,397,2.75
134,22,2.42
134,187,2.4
134,488,2.96
134,410,3.33
134,83,2.34
134,325,1.34
134,359,2.65
134,62,2.14
135,247,1.7
135,134,2.19
135,5,1.48
135,144,3.5
135,120,2.41
135,173,2.32
135,427,2.05
135,250,3.53
135,295,1.98
135,200,3.89
135,274,1.99
135,471,3.66
136,392,2.05
136,445,2.83
136,82,2.9
136,1,2.52
136,151,2.61
136,404,1.79
136,500,3.1
136,457,2.58
136,225,3.52
136,215,1.91
136,13,2.51
136,331,2.95
137,258,2.8
137,343,2.92
137,386,2.53
137,260,2.54
137,69,3.28
137,206,3.73
137,68,3.38
137,187,1.78
137,233,2.84
137,460,2.33
137,322,1.72
137,28,2.28
138,484,3.13
138,444,1.84
138,84,2.29
138,349,3.72
138,268,2.7
138,107,2.21
138,57,1.79
138,415,3.07
138,492,3.72
138,315,1.83
138,106,1.64
138,426,2.52
139,205,1.78
139,471,2.18
139,301,2.78
139,371,2.54
139,306,2.39
139,365,1.83
139,254,2.31
139,24,3.75
139,33,2.23
139,401,1.9
139,109,1.93
139,286,2.9
140,80,2.81
140,410,2.23
140,387,2.94
140,494,2.03
140,28,2.76
140,311,2.51
140,487,3.75
140,355,2.28
140,336,2.03
140,31,2.89
140,74,2.14
140,18,1.7
141,351,3.19
141,167,2.64
141,278,3.14
141,262,2.23
141,355,2.4
141,447,2.16
141,263,2.07
141,485,2.11
141,179,3.89
141,454,2.68
141,159,2.47
141,349,3.33
142,228,1.94
142,73,2.14
142,471,2.93
142,413,3.22
142,107,2.7
142,279,2.07
142,62,3.02
142,371,3.03
142,178,1.87
142,389,1.51
142,462,3.01
142,193,2.32
143,76,2.58
143,81,2.83
143,358,2.18
143,273,2.36
143,57,2.67
143,151,2.9
143,105,2.02
143,476,3.21
143,148,2.66
143,121,2.19
143,256,1.59
143,241,2.09
144,83,3.71
144,12,2.27
144,133,2.76
144,89,1.52
144,376,2.9
144,295,3.47
144,258,2.49
144,142,3.42
144,118,1.76
144,163,2.6
144,224,2.39
144,361,1.81
145,205,1.65
145,123,1.31
145,420,2.72
145,475,2.45
145,285,2.03
145,146,1.91
145,33,2.54
145,293,4.09
145,168,2.48
145,325,2.56
145,439,3.72
145,52,2.71
146,428,2.46
146,334,1.46
146,127,3.26
146,107,3.51
146,134,3.34
146,496,2.31
146,314,1.99
146,236,1.95
146,286,2.12
146,9,3.5
146,5,2.38
146,276,1.94
147,184,2.22
147,112,2.77
147,19,2.14
147,217,2.38
147,13,3.1
147,146,2.36
147,338,2.39
147,270,2.37
147,298,2.35
147,68,2.01
147,200,1.88
147,420,2.55
148,129,2.11
148,56,3.54
148,208,2.47
148,168,2.81
148,118,2.13
148,2,2.66
148,145,2.22
148,390,2.31
148,33,2.19
148,28,3.34
148,426,3.08
148,330,3.22
149,82,2.93
149,77,4.52
149,320,2.99
149,11,3.3
149,376,2.35
149,225,4.17
149,474,1.74
149,130,2.13
149,1,2.43
149,245,2.89
149,254,2.2
149,147,3.69
150,411,3.0
150,436,2.71
150,116,1.88
150,455,2.42
150,247,2.54
150,35,2.3
150,460,2.15
150,95,2.16
150,67,2.62
150,327,2.2
150,115,1.11
150,84,1.9
151,470,2.68
151,432,3.1
151,108,2.14
151,371,2.83
151,144,3.21
151,453,3.45
151,25,3.34
151,237,2.85
151,396,1.97
151,6,2.44
151,338,2.07
151,143,2.03
152,89,1.9
152,232,2.22
152,94,3.52
152,393,2.02
152,436,2.31
152,131,1.78
152,238,3.09
152,56,3.99
152,245,2.29
152,258,2.16
152,328,2.12
152,190,1.93
153,174,1.93
153,175,1.74
153,214,1.94
153,293,1.46
153,234,2.13
153,491,3.2
153,197,1.91
153,313,1.92
153,458,3.28
153,421,2.17
153,78,2.31
153,56,2.77
154,3,2.88
154,10,2.84
154,40,3.03
154,282,3.08
154,225,2.93
154,413,2.45
154,377,3.44
154,441,3.26
154,239,3.11
154,248,2.7
154,342,2.76
154,151,2.98
155,17,2.99
155,161,2.0
155,241,3.5
155,195,1.67
155,363,3.17
155,466,2.41
155,462,3.36
155,121,4.24
155,499,2.42
155,94,2.35
155,154,3.27
155,98,3.08
156,74,1.97
156,16,2.31
156,468,2.92
156,242,1.81
156,301,2.26
156,313,1.78
156,330,3.01
156,478,3.39
156,353,2.64
156,1,3.18
156,181,2.17
156,266,2.43
157,231,2.84
157,351,1.63
157,490,1.9
157,258,2.6
157,171,2.28
157,334,2.56
157,27,1.98
157,198,2.9
157,387,3.49
157,168,2.28
157,428,3.08
157,295,2.57
158,496,1.4
158,482,2.68
158,154,3.55
158,18,1.9
158,407,1.91
158,172,4.3
158,6,3.97
158,442,3.27
158,475,3.78
158,168,2.34
158,317,2.4
158,176,1.47
159,235,2.82
159,286,1.89
159,41,2.08
159,481,3.12
159,298,1.79
159,185,1.71
159,48,3.59
159,482,2.11
159,295,1.81
159,363,2.59
159,430,1.61
159,165,2.08
160,472,2.43
160,47,1.82
160,473,2.05
160,39,2.22
160,380,3.81
160,363,3.77
160,468,1.81
160,321,2.17
160,153,1.91
160,405,2.54
160,327,2.54
160,346,2.19
161,128,1.71
161,74,1.69
161,462,2.19
161,125,3.03
161,96,1.78
161,466,2.16
161,101,1.87
161,434,2.8
161,90,1.99
161,483,1.68
161,327,2.07
161,401,2.97
162,348,3.0
162,122,2.93
162,279,1.52
162,331,2.16
162,427,2.79
162,300,2.76
162,480,1.04
162,37,2.43
162,11,1.82
162,146,2.89
162,19,2.17
162,187,2.73
163,271,2.95
163,30,2.15
163,106,3.17
163,423,3.68
163,221,3.08
163,142,4.27
163,187,2.57
163,293,3.5
163,136,2.8
163,287,3.0
163,413,3.18
163,211,2.75
164,54,2.1
164,477,3.12
164,304,2.17
164,12,4.66
164,240,1.85
164,56,1.6
164,3,1.84
164,270,2.44
164,141,3.21
164,229,2.13
164,214,1.74
164,483,2.27
165,375,2.64
165,409,2.95
165,447,2.54
165,399,3.53
165,472,2.03
165,417,2.75
165,252,1.75
165,248,3.26
165,231,1.93
165,477,1.98
165,10,2.73
165,245,2.39
166,208,1.96
166,291,2.98
166,364,2.85
166,489,2.34
166,399,3.2
166,394,3.04
166,325,1.69
166,427,3.23
166,368,2.61
166,373,4.02
166,267,2.69
166,198,1.92
167,186,1.43
167,351,2.16
167,43,2.35
167,323,2.14
167,412,2.82
167,428,3.13
167,450,2.41
167,138,2.5
167,20,2.63
167,227,1.0
167,429,1.93
167,416,2.93
168,12,2.42
168,341,4.07
168,30,2.16
168,339,2.53
168,143,1.97
168,56,2.61
168,309,2.33
168,429,1.92
168,271,2.4
168,355,3.41
168,450,2.01
168,181,1.79
169,415,3.11
169,385,1.63
169,133,2.43
169,452,2.21
169,86,2.42
169,333,3.2
169,390,3.76
169,38,2.39
169,416,2.63
169,222,2.28
169,41,1.82
169,262,2.7
170,75,2.62
170,296,2.34
170,240,2.44
170,140,1.7
170,329,2.19
170,242,2.07
170,82,2.84
170,11,2.45
170,465,2.26
170,279,2.4
170,450,1.72
170,419,1.96
171,357,3.16
171,180,2.93
171,209,2.5
171,50,4.44
171,218,3.73
171,400,3.11
171,378,3.23
171,103,3.13
171,60,3.27
171,129,3.23
171,452,2.99
171,221,2.47
172,193,2.42
172,70,2.95
172,144,3.63
172,20,2.0
172,117,1.86
172,409,3.96
172,80,2.49
172,338,1.53
172,472,2.57
172,12,2.76
172,186,2.38
172,351,2.84
173,255,2.97
173,131,2.76
173,325,1.55
173,422,2.81
173,149,1.8
173,499,2.36
173,143,1.77
173,112,1.01
173,20,1.84
173,244,3.49
173,406,3.42
173,468,1.84
174,109,1.86
174,135,2.4
174,15,1.65
174,316,1.86
174,251,2.37
174,143,2.56
174,60,2.12
174,71,3.51
174,474,1.73
174,195,2.67
174,97,2.46
174,278,2.26
175,41,2.42
175,314,2.46
175,123,2.18
175,158,2.36
175,294,1.96
175,145,1.93
175,334,3.21
175,290,3.35
175,337,1.79
175,312,2.38
175,446,2.55
175,491,1.28
176,36,3.41
176,369,1.88
176,435,2.15
176,461,3.72
176,163,1.82
176,10,2.05
176,179,2.9
176,78,2.43
176,67,2.91
176,480,2.0
176,56,3.11
176,486,3.37
177,321,1.58
177,133,2.16
177,407,2.11
177,58,1.88
177,410,2.87
177,73,1.81
177,167,1.77
177,336,2.41
177,282,3.51
177,275,2.61
177,299,2.08
177,22,2.84
178,60,1.56
178,49,3.6
178,136,2.77
178,209,2.57
178,268,2.34
178,443,3.24
178,369,2.27
178,82,2.79
178,64,2.98
178,63,2.51
178,33,2.72
178,95,2.05
179,99,1.61
179,403,1.61
179,111,4.93
179,212,2.41
179,19,2.28
179,402,2.43
179,321,2.32
179,142,4.05
179,178,1.36
179,155,2.27
179,377,1.97
179,307,2.15
180,333,1.7
180,196,2.45
180,93,2.76
180,364,2.2
180,455,2.25
180,294,2.2
180,475,1.75
180,298,2.6
180,80,2.58
180,10,2.77
180,310,1.74
180,132,5.0
181,262,3.05
181,237,3.7
181,207,2.16
181,215,1.65
181,14,1.59
181,125,1.9
181,433,1.89
181,150,1.58
181,475,2.14
181,431,2.39
181,323,1.93
181,154,3.24
182,375,2.67
182,470,3.58
182,353,2.23
182,194,1.79
182,434,2.47
182,449,1.87
182,328,2.95
182,488,3.26
182,30,1.33
182,227,3.46
182,399,3.03
182,5,1.86
183,265,1.97
183,6,3.29
183,73,1.69
183,202,2.52
183,187,2.31
183,332,2.16
183,286,2.33
183,383,1.64
183,410,4.17
183,475,2.91
183,486,2.3
183,25,1.26
184,18,1.97
184,46,1.79
184,317,2.15
184,250,3.16
184,55,2.15
184,77,2.05
184,349,3.96
184,159,1.69
184,369,2.59
184,318,3.17
184,98,1.38
184,475,3.17
185,254,2.54
185,17,2.63
185,112,2.77
185,430,2.94
185,204,3.37
185,104,3.31
185,213,3.09
185,224,3.06
185,301,2.74
185,230,2.66
185,408,2.9
185,438,2.29
186,427,1.86
186,291,3.06
186,169,2.67
186,451,1.85
186,352,2.67
186,347,2.51
186,242,2.54
186,72,2.57
186,159,2.05
186,297,1.74
186,305,1.89
186,406,1.82
187,207,2.64
187,480,2.58
187,358,2.94
187,253,2.18
187,229,2.01
187,273,2.28
187,362,2.33
187,122,2.47
187,356,1.58
187,136,2.71
187,53,2.91
187,92,2.64
188,153,3.46
188,254,3.15
188,299,4.1
188,453,2.68
188,324,2.76
188,276,2.54
188,343,3.15
188,22,2.24
188,450,2.77
188,24,3.35
188,303,2.96
188,74,3.35
189,374,3.08
189,310,2.45
189,287,1.97
189,284,2.06
189,313,2.03
189,215,2.29
189,61,2.32
189,363,3.86
189,286,2.71
189,14,2.59
189,444,3.58
189,231,2.53
190,89,2.86
190,454,2.62
190,191,1.42
190,351,1.82
190,9,2.34
190,473,2.25
190,393,1.63
190,109,2.27
190,302,2.48
190,194,2.54
190,51,2.7
190,406,1.65
191,75,1.7
191,395,2.44
191,191,2.27
191,290,1.99
191,98,3.05
191,383,2.49
191,303,2.23
191,421,3.57
191,74,1.55
191,81,2.37
191,467,3.85
191,19,1.56
192,235,2.06
192,146,2.73
192,421,2.9
192,42,4.2
192,373,2.02
192,479,2.37
192,199,1.94
192,48,2.27
192,214,2.75
192,450,1.74
192,306,2.68
192,182,1.65
193,74,2.21
193,272,2.1
193,58,2.52
193,458,3.67
193,397,2.73
193,488,2.05
193,229,1.69
193,165,2.65
193,187,2.42
193,278,2.8
193,395,1.92
193,6,2.42
194,84,2.58
194,33,3.61
194,56,3.13
194,379,3.88
194,404,2.89
194,165,2.77
194,462,2.98
194,223,3.53
194,432,2.82
194,170,2.59
194,125,3.21
194,253,3.55
195,249,1.98
195,146,2.77
195,291,3.31
195,246,2.75
195,244,2.03
195,182,2.19
195,168,1.7
195,9,2.61
195,345,1.85
195,270,2.61
195,109,1.45
195,136,2.53
196,452,2.58
196,377,2.53
196,428,2.98
196,494,1.9
196,209,2.8
196,55,1.13
196,160,2.75
196,462,3.32
196,14,1.88
196,356,1.62
196,469,2.59
196,467,2.87
197,355,2.9
197,128,3.3
197,497,3.02
197,402,2.57
197,273,3.38
197,347,2.84
197,420,3.29
197,141,3.27
197,279,3.09
197,32,3.03
197,18,3.52
197,222,2.9
198,24,1.89
198,161,2.46
198,167,3.03
198,42,2.84
198,125,2.17
198,172,2.75
198,20,3.28
198,272,1.96
198,441,2.69
198,324,3.81
198,90,2.37
198,417,1.98
199,191,1.86
199,249,2.09
199,337,2.69
199,76,3.07
199,370,2.6
199,203,2.19
199,270,1.62
199,1,2.89
199,437,3.52
199,439,1.86
199,16,3.16
199,410,3.2
200,158,3.99
200,89,2.43
200,384,2.22
200,126,2.25
200,446,2.48
200,14,2.63
200,439,2.55
200,375,1.92
200,236,2.34
200,257,2.43
200,421,1.66
200,457,3.47
201,349,3.9
201,414,4.56
201,58,3.54
201,404,1.95
201,370,2.12
201,14,3.18
201,490,2.15
201,3,2.33
201,59,2.09
201,85,1.94
201,175,2.03
201,437,1.55
202,315,2.91
202,333,1.96
202,32,1.9
202,256,1.71
202,416,2.12
202,205,1.53
202,419,1.75
202,51,3.73
202,188,1.82
202,247,2.76
202,101,2.44
202,193,2.75
203,337,1.97
203,386,1.58
203,50,2.51
203,26,2.63
203,66,1.41
203,474,1.94
203,333,3.3
203,89,1.66
203,465,2.18
203,261,2.05
203,363,3.76
203,473,2.42
204,259,3.07
204,85,2.36
204,497,2.39
204,450,2.8
204,440,3.01
204,453,2.03
204,235,2.3
204,423,2.05
204,396,1.45
204,6,3.02
204,190,1.97
204,349,2.97
205,290,3.39
205,165,2.51
205,221,2.18
205,333,3.82
205,179,3.8
205,362,2.16
205,185,2.17
205,467,2.2
205,311,2.37
205,271,2.27
205,162,3.45
205,228,1.51
206,183,2.24
206,387,2.64
206,172,1.92
206,412,3.02
206,39,3.36
206,226,1.86
206,298,3.0
206,198,2.31
206,397,2.11
206,193,2.35
206,406,2.89
206,205,2.07
207,401,2.55
207,104,3.11
207,333,2.79
207,290,2.97
207,472,2.15
207,412,2.45
207,126,1.38
207,132,3.37
207,37,2.39
207,353,2.48
207,322,2.16
207,491,2.79
208,116,2.46
208,344,3.52
208,338,2.18
208,150,3.02
208,161,2.8
208,440,3.46
208,98,2.2
208,228,3.0
208,22,1.85
208,57,3.6
208,3,2.75
208,210,1.79
209,266,2.35
209,28,2.86
209,289,3.24
209,454,1.9
209,66,1.96
209,345,2.02
209,78,1.86
209,239,1.86
209,120,3.13
209,455,2.56
209,132,2.96
209,448,1.8
210,53,1.57
210,287,2.72
210,76,2.38
210,85,1.87
210,436,2.61
210,462,2.79
210,84,2.59
210,158,3.26
210,50,3.25
210,423,2.66
210,439,3.26
210,129,2.13
211,47,1.86
211,174,2.35
211,200,1.84
211,451,1.92
211,191,2.97
211,36,1.97
211,25,2.42
211,370,1.63
211,379,1.75
211,463,1.85
211,307,2.64
211,248,2.26
212,399,3.8
212,88,2.49
212,211,1.89
212,56,1.09
212,259,3.17
212,29,1.98
212,337,1.65
212,417,2.82
212,116,2.84
212,414,4.23
212,239,1.68
212,171,2.14
213,373,2.64
213,296,2.33
213,390,2.17
213,3,2.21
213,203,2.18
213,325,2.98
213,17,3.34
213,112,2.28
213,489,1.94
213,320,1.88
213,172,3.16
213,415,2.53
214,20,2.02
214,144,3.52
214,321,2.12
214,28,1.52
214,50,4.01
214,10,1.98
214,353,2.18
214,412,2.11
214,294,2.43
214,253,1.69
214,273,2.6
214,87,2.89
215,242,2.15
215,376,2.17
215,349,3.22
215,220,2.15
215,71,2.85
215,398,1.52
215,52,2.48
215,340,2.63
215,328,3.16
215,410,4.07
215,267,1.8
215,290,3.09
216,92,3.33
216,423,3.72
216,146,2.66
216,166,1.63
216,55,2.52
216,164,2.95
216,319,2.96
216,408,1.87
216,295,3.73
216,257,2.56
216,440,4.24
216,359,3.02
217,281,3.28
217,303,2.84
217,11,2.12
217,276,3.11
217,220,2.31
217,168,1.92
217,329,2.48
217,334,3.01
217,107,2.24
217,40,2.51
217,192,2.01
217,88,2.39
218,67,3.01
218,460,1.45
218,446,2.12
218,396,2.88
218,412,1.66
218,111,2.59
218,402,2.22
218,469,2.64
218,494,2.36
218,465,2.15
218,422,2.68
218,240,1.74
219,473,2.23
219,230,2.82
219,25,2.34
219,229,2.02
219,172,3.08
219,165,4.38
219,100,2.48
219,399,2.32
219,273,1.9
219,89,2.46
219,153,2.11
219,35,2.47
220,382,2.31
220,183,2.1
220,159,1.71
220,243,2.53
220,331,3.21
220,22,1.63
220,412,3.79
220,260,3.22
220,437,4.17
220,53,1.57
220,39,2.02
220,38,1.55
221,349,1.76
221,483,1.68
221,455,2.73
221,431,3.16
221,323,2.37
221,358,2.81
221,183,3.21
221,268,1.48
221,405,2.44
221,305,3.0
221,465,2.26
221,241,2.35
222,210,2.12
222,279,2.22
222,126,1.71
222,21,2.35
222,473,2.72
222,164,2.0
222,291,2.87
222,20,3.52
222,455,2.33
222,72,2.38
222,391,2.13
222,270,1.85
223,218,3.31
223,99,2.04
223,161,2.24
223,266,2.14
223,411,3.24
223,74,2.56
223,319,2.65
223,281,2.9
223,1,3.42
223,192,2.61
223,463,1.82
223,483,2.42
224,19,1.31
224,57,3.52
224,48,2.96
224,388,1.67
224,334,2.46
224,350,2.27
224,357,2.16
224,104,1.78
224,447,2.21
224,298,1.78
224,53,2.22
224,462,2.96
225,475,2.45
225,123,2.09
225,13,2.18
225,493,3.43
225,50,2.96
225,133,3.16
225,445,2.23
225,285,1.94
225,243,1.65
225,103,1.99
225,262,2.12
225,219,2.91
226,97,3.59
226,354,2.07
226,90,2.27
226,126,1.85
226,116,2.14
226,82,2.19
226,410,3.66
226,207,1.71
226,390,3.55
226,166,2.43
226,119,2.0
226,230,2.77
227,461,2.36
227,77,2.77
227,237,1.87
227,53,2.05
227,334,2.73
227,258,2.11
227,484,3.32
227,455,2.16
227,283,2.56
227,392,2.21
227,414,2.85
227,351,2.12
228,480,2.36
228,427,2.31
228,251,1.6
228,275,2.29
228,209,3.68
228,334,3.33
228,314,2.03
228,305,2.25
228,272,2.82
228,494,1.97
228,236,1.61
228,63,1.86
229,496,2.36
229,451,2.43
229,110,2.51
229,238,1.7
229,458,2.87
229,213,2.09
229,177,2.45
229,101,2.25
229,226,2.19
229,180,3.29
229,15,2.73
229,130,2.67
230,291,2.31
230,361,1.89
230,135,1.8
230,312,2.12
230,98,2.33
230,226,1.92
230,436,2.67
230,58,3.51
230,492,1.68
230,27,1.71
230,369,2.35
230,434,2.11
231,47,2.87
231,487,2.47
231,339,3.3
231,19,2.31
231,118,1.5
231,131,1.84
231,196,2.4
231,493,2.3
231,200,3.4
231,500,3.44
231,134,3.14
231,107,2.81
232,259,2.94
232,164,2.26
232,240,2.65
232,182,2.6
232,496,1.73
232,195,1.67
232,315,1.78
232,117,2.2
232,365,2.17
232,261,2.37
232,214,2.88
232,357,1.49
233,303,2.7
233,238,2.46
233,343,1.29
233,69,2.05
233,421,2.28
233,94,3.76
233,276,2.89
233,348,2.69
233,436,1.87
233,362,2.58
233,369,2.5
233,316,2.18
234,5,2.41
234,490,2.36
234,170,2.35
234,455,2.94
234,83,1.24
234,339,2.36
234,223,3.8
234,165,2.48
234,164,2.49
234,247,2.82
234,256,2.74
234,420,3.14
235,180,1.76
235,63,1.61
235,151,2.04
235,264,3.71
235,421,2.7
235,423,1.99
235,101,3.01
235,205,2.0
235,19,2.12
235,406,2.99
235,26,2.98
235,382,2.31
236,12,2.96
236,214,3.36
236,450,3.23
236,333,2.11
236,189,2.75
236,288,2.83
236,301,2.33
236,456,1.73
236,280,1.68
236,79,2.47
236,37,1.96
236,303,1.57
237,119,1.27
237,279,2.27
237,47,2.85
237,205,2.19
237,277,2.24
237,55,1.59
237,15,2.16
237,374,2.71
237,480,2.51
237,307,2.29
237,157,2.06
237,348,3.36
238,366,3.11
238,178,3.06
238,90,3.29
238,444,3.22
238,332,2.9
238,495,2.79
238,476,2.84
238,424,3.37
238,428,2.55
238,368,2.84
238,145,2.41
238,35,2.34
239,118,1.87
239,336,2.36
239,345,1.69
239,110,2.48
239,149,2.31
239,368,1.61
239,245,3.53
239,130,2.58
239,56,1.95
239,471,4.15
239,61,1.7
239,197,3.73
240,320,3.96
240,32,2.37
240,297,2.17
240,490,1.96
240,341,3.16
240,226,1.89
240,305,3.16
240,13,3.79
240,371,3.28
240,419,3.36
240,310,2.07
240,325,2.81
241,209,1.59
241,19,2.17
241,261,2.41
241,489,2.17
241,159,2.83
241,418,2.12
241,127,3.56
241,300,1.8
241,443,2.26
241,97,2.76
241,455,3.03
241,342,2.73
242,352,1.66
242,15,1.89
242,455,2.68
242,367,1.75
242,99,2.34
242,245,1.92
242,464,3.76
242,458,2.29
242,197,2.98
242,326,1.84
242,11,1.95
242,198,1.5
243,63,1.82
243,390,2.17
243,427,2.45
243,2,2.61
243,466,1.87
243,187,2.25
243,346,1.51
243,26,3.21
243,402,2.35
243,177,2.93
243,287,1.84
243,416,2.92
244,168,3.0
244,439,2.92
244,360,2.57
244,37,2.05
244,259,2.11
244,319,3.58
244,197,2.05
244,467,3.65
244,172,2.51
244,107,3.36
244,234,2.02
244,178,1.48
245,75,2.04
245,302,3.72
245,241,3.73
245,21,2.09
245,89,1.46
245,301,2.23
245,388,2.81
245,243,2.06
245,350,1.35
245,177,1.99
245,88,1.98
245,374,3.49
246,88,1.53
246,390,2.24
246,420,2.75
246,264,3.05
246,191,2.24
246,423,2.2
246,201,2.02
246,427,2.78
246,483,2.16
246,368,2.65
246,62,2.79
246,161,2.55
247,323,3.05
247,322,3.03
247,90,2.71
247,347,3.15
247,475,3.48
247,214,2.97
247,24,3.47
247,468,3.09
247,227,3.36
247,460,2.41
247,213,3.11
247,76,3.34
248,11,2.5
248,344,2.38
248,453,2.65
248,32,1.7
248,411,1.48
248,160,3.27
248,113,3.97
248,287,2.19
248,222,2.63
248,46,3.98
248,387,3.95
248,302,2.38
249,223,1.88
249,215,3.14
249,489,2.31
249,347,2.18
249,128,3.34
249,375,2.16
249,139,1.59
249,444,2.06
249,263,2.24
249,312,4.93
249,389,2.31
249,327,2.27
250,419,3.32
250,264,2.44
250,325,2.44
250,95,1.83
250,223,2.88
250,89,1.73
250,265,2.53
250,381,2.73
250,272,1.79
250,125,1.16
250,278,2.16
250,307,2.32
251,168,3.39
251,288,2.75
251,423,1.9
251,340,2.45
251,181,2.18
251,232,2.31
251,307,3.66
251,135,2.8
251,171,1.8
251,92,2.99
251,410,2.87
251,369,2.32
252,283,2.69
252,457,3.37
252,10,2.44
252,64,3.86
252,498,3.22
252,392,2.27
252,411,1.79
252,96,2.13
252,228,2.71
252,285,1.64
252,373,3.61
252,116,2.45
253,362,3.01
253,57,3.11
253,311,2.12
253,6,2.03
253,341,2.42
253,326,2.82
253,86,3.63
253,468,3.26
253,364,2.2
253,427,2.38
253,67,2.48
253,477,2.87
254,5,3.1
254,240,1.61
254,147,4.09
254,455,1.27
254,32,2.19
254,129,1.81
254,335,3.97
254,457,1.73
254,18,2.41
254,223,1.84
254,285,1.31
254,358,2.26
255,325,1.28
255,319,2.31
255,63,1.27
255,204,4.59
255,263,2.58
255,275,2.13
255,167,2.7
255,298,2.99
255,151,2.31
255,33,2.17
255,450,1.82
255,291,2.21
256,220,1.75
256,203,1.78
256,97,1.83
256,226,2.22
256,113,2.01
256,477,1.51
256,122,2.26
256,74,2.47
256,293,2.57
256,379,2.1
256,110,1.83
256,105,2.64
257,456,2.57
257,337,1.97
257,263,3.06
257,186,2.25
257,253,1.65
257,339,3.32
257,465,2.06
257,103,2.19
257,376,2.48
257,360,1.91
257,92,3.31
257,406,2.98
258,243,2.3
258,365,2.8
258,337,1.6
258,229,1.41
258,343,2.02
258,157,2.33
258,125,3.38
258,89,2.32
258,469,2.59
258,260,1.76
258,51,2.07
258,183,2.67
259,325,2.33
259,469,3.3
259,183,3.53
259,435,2.75
259,321,3.15
259,350,3.89
259,276,3.16
259,328,3.34
259,458,2.64
259,114,3.26
259,81,3.06
259,69,2.97
260,118,2.84
260,143,2.97
260,441,3.71
260,270,3.36
260,190,3.24
260,9,2.82
260,382,3.86
260,164,3.3
260,299,2.57
260,391,3.31
260,218,3.25
260,264,2.68
261,414,2.77
261,258,3.1
261,293,2.28
261,140,3.37
261,473,3.5
261,252,1.75
261,72,1.46
261,372,2.35
261,272,2.14
261,379,2.04
261,157,2.87
261,419,2.3
262,1,4.26
262,103,2.19
262,186,2.82
262,246,2.06
262,333,3.29
262,282,2.23
262,406,3.76
262,412,2.32
262,342,2.9
262,493,2.43
262,139,2.7
262,239,1.86
263,476,1.62
263,429,2.9
263,170,1.96
263,135,2.38
263,24,2.43
263,118,2.04
263,449,4.21
263,225,2.79
263,470,1.95
263,455,2.03
263,370,1.77
263,337,1.73
264,371,3.62
264,244,2.31
264,49,2.73
264,105,2.09
264,347,2.2
264,121,2.47
264,26,2.68
264,170,2.83
264,441,2.4
264,400,2.48
264,114,3.3
264,467,2.51
265,181,2.97
265,97,2.87
265,73,1.92
265,491,1.64
265,135,3.14
265,443,2.94
265,328,2.79
265,64,3.35
265,426,2.34
265,246,3.07
265,120,3.81
265,370,2.32
266,113,1.69
266,12,3.23
266,238,2.34
266,188,2.88
266,136,2.31
266,247,2.0
266,411,2.37
266,212,3.35
266,58,2.26
266,234,2.76
266,309,2.38
266,170,2.72
267,317,2.61
267,154,3.0
267,155,2.22
267,228,2.57
267,67,3.13
267,464,2.11
267,374,2.47
267,126,1.08
267,304,2.84
267,75,1.97
267,297,2.22
267,342,3.49
268,360,1.98
268,269,2.69
268,122,2.33
268,266,2.74
268,217,2.65
268,391,3.22
268,36,4.18
268,56,3.13
268,427,2.07
268,61,3.03
268,107,3.0
268,302,2.17
269,201,3.41
269,148,1.66
269,80,2.25
269,258,2.58
269,157,1.9
269,72,3.41
269,425,2.65
269,375,2.05
269,121,2.96
269,437,2.24
269,19,2.53
269,123,1.66
270,396,1.94
270,183,2.17
270,373,3.2
270,114,3.11
270,177,3.53
270,230,3.08
270,40,2.5
270,116,2.12
270,31,2.0
270,241,1.8
270,200,2.73
270,488,2.73
271,426,3.72
271,12,3.05
271,247,2.15
271,387,2.58
271,390,3.04
271,112,2.09
271,47,2.45
271,474,2.15
271,327,1.16
271,374,3.03
271,415,2.98
271,457,2.35
272,119,1.0
272,184,2.5
272,430,2.99
272,193,1.62
272,8,2.06
272,202,1.96
272,32,2.04
272,134,1.78
272,478,3.67
272,105,1.0
272,196,2.0
272,136,1.61
273,50,3.11
273,493,2.71
273,181,3.18
273,420,2.55
273,353,3.22
273,454,3.1
273,170,3.85
273,336,3.43
273,499,3.31
273,422,2.27
273,62,2.76
273,492,3.5
274,55,2.0
274,292,3.01
274,104,1.52
274,312,2.18
274,91,2.65
274,465,2.75
274,30,2.7
274,160,2.3
274,444,1.75
274,271,2.47
274,344,2.69
274,142,2.18
275,67,1.45
275,186,3.49
275,420,2.5
275,216,2.48
275,22,3.11
275,348,2.57
275,21,1.96
275,470,2.31
275,140,2.09
275,29,2.54
275,177,2.61
275,399,2.06
276,71,2.66
276,321,3.07
276,385,3.07
276,302,3.58
276,95,2.98
276,102,2.97
276,459,2.07
276,216,1.62
276,480,2.08
276,273,2.36
276,392,2.11
276,482,2.5
277,444,2.27
277,239,1.69
277,316,2.65
277,25,2.2
277,322,5.0
277,65,1.9
277,281,2.28
277,106,2.17
277,135,2.8
277,420,1.7
277,250,1.61
277,246,3.33
278,261,2.35
278,492,2.12
278,225,1.82
278,425,1.62
278,309,1.59
278,248,2.96
278,434,1.79
278,287,1.96
278,96,1.98
278,317,2.13
278,382,3.43
278,457,1.77
279,267,3.86
279,56,3.39
279,477,1.73
279,415,2.82
279,103,2.14
279,492,2.36
279,68,2.83
279,349,2.51
279,191,2.18
279,363,2.15
279,341,1.48
279,102,1.93
280,200,3.47
280,308,1.47
280,103,1.63
280,22,2.34
280,60,1.66
280,175,1.72
280,86,2.9
280,291,1.52
280,467,2.41
280,32,2.25
280,293,3.44
280,151,1.74
281,412,2.93
281,97,3.31
281,138,2.68
281,139,2.14
281,407,2.02
281,413,1.79
281,295,2.57
281,49,2.88
281,383,2.91
281,157,2.35
281,249,1.91
281,252,2.39
282,436,2.35
282,357,1.88
282,123,1.99
282,371,2.96
282,172,2.83
282,409,1.62
282,318,3.73
282,464,2.36
282,364,1.79
282,240,2.32
282,474,2.99
282,153,1.86
283,179,2.84
283,361,1.9
283,129,3.16
283,145,2.07
283,204,2.17
283,425,2.37
283,200,2.02
283,349,2.48
283,335,1.88
283,472,1.89
283,357,2.63
283,325,2.07
284,429,2.68
284,454,2.66
284,494,1.77
284,147,2.41
284,195,1.98
284,357,1.45
284,170,1.67
284,10,1.8
284,444,1.99
284,463,2.02
284,270,1.91
284,363,2.41
285,29,2.74
285,394,3.45
285,128,2.38
285,222,1.89
285,255,2.51
285,468,3.24
285,92,2.11
285,497,2.91
285,33,2.1
285,329,2.42
285,237,2.19
285,322,3.43
286,328,2.72
286,27,2.91
286,415,2.96
286,316,3.28
286,250,2.69
286,429,2.71
286,81,2.92
286,484,2.95
286,73,3.25
286,60,3.13
286,335,2.37
286,100,3.91
287,496,2.1
287,124,1.73
287,462,3.05
287,293,2.06
287,378,1.77
287,274,2.07
287,279,1.79
287,428,2.16
287,302,1.76
287,317,2.8
287,157,3.35
287,440,2.5
288,338,2.48
288,340,2.69
288,391,3.11
288,233,2.21
288,227,3.29
288,262,2.52
288,176,1.68
288,328,1.66
288,318,4.38
288,245,2.33
288,207,3.17
288,219,3.38
289,278,2.99
289,328,2.12
289,497,2.26
289,2,3.3
289,72,1.96
289,403,1.87
289,346,3.19
289,415,3.61
289,428,1.77
289,391,2.98
289,179,2.93
289,354,1.43
290,452,2.07
290,17,2.91
290,121,2.09
290,377,1.32
290,269,1.88
290,132,2.22
290,49,2.48
290,287,1.62
290,306,3.44
290,54,2.63
290,101,2.68
290,12,2.6
291,237,2.72
291,234,2.7
291,297,2.04
291,406,2.43
291,248,3.28
291,61,1.92
291,224,2.08
291,385,2.7
291,363,2.41
291,203,2.84
291,313,2.41
291,167,2.3
292,430,2.18
292,363,3.18
292,9,1.83
292,388,2.38
292,244,3.49
292,482,2.64
292,220,1.32
292,174,1.73
292,359,1.69
292,50,3.03
292,190,2.47
292,69,3.82
293,363,2.13
293,177,1.83
293,241,2.7
293,382,2.4
293,386,3.44
293,3,3.1
293,93,1.9
293,180,2.53
293,408,2.76
293,406,2.53
293,265,3.12
293,239,4.05
294,30,2.9
294,56,3.61
294,431,2.4
294,183,1.6
294,476,2.9
294,164,2.15
294,409,2.04
294,19,2.44
294,81,2.11
294,71,2.45
294,308,2.45
294,482,2.19
295,341,3.6
295,407,3.08
295,73,2.74
295,387,3.16
295,1,2.41
295,368,3.57
295,231,2.48
295,88,3.3
295,305,2.6
295,147,3.49
295,107,3.29
295,389,2.64
296,233,3.05
296,155,3.4
296,82,3.91
296,390,3.2
296,338,3.04
296,17,2.56
296,58,2.69
296,83,2.74
296,134,3.2
296,344,3.49
296,183,2.92
296,129,3.98
297,263,1.24
297,499,2.18
297,319,1.66
297,33,2.23
297,46,1.75
297,245,2.54
297,383,2.53
297,358,2.13
297,236,2.64
297,265,2.09
297,96,2.23
297,134,2.28
298,422,1.58
298,351,3.37
298,379,2.49
298,242,1.67
298,479,1.94
298,136,1.98
298,272,1.85
298,455,3.42
298,115,2.12
298,126,1.69
298,26,2.23
298,391,2.38
299,359,3.47
299,115,2.73
299,122,2.71
299,24,4.7
299,337,1.51
299,297,2.27
299,364,3.28
299,235,2.11
299,263,2.36
299,171,2.73
299,371,2.18
299,182,1.69
300,304,2.26
300,257,1.78
300,30,2.68
300,459,2.79
300,35,1.92
300,143,2.87
300,139,1.94
300,68,3.38
300,147,1.36
300,230,3.29
300,161,2.83
300,124,2.5
301,70,3.16
301,376,2.88
301,18,3.44
301,239,2.82
301,206,3.69
301,190,3.49
301,490,3.21
301,192,2.96
301,462,2.87
301,438,2.79
301,288,2.55
301,17,3.03
302,110,2.71
302,183,3.13
302,112,2.53
302,203,3.5
302,97,2.59
302,68,3.38
302,461,3.18
302,320,2.7
302,47,3.5
302,206,3.17
302,189,3.41
302,165,3.2
303,157,2.69
303,314,3.1
303,25,3.18
303,148,2.7
303,427,2.94
303,264,3.22
303,268,2.49
303,232,3.94
303,334,2.7
303,457,3.49
303,286,3.27
303,263,2.86
304,58,2.0
304,257,2.27
304,154,3.83
304,146,3.92
304,348,3.86
304,216,2.32
304,424,2.14
304,431,2.32
304,414,3.29
304,280,2.07
304,494,2.59
304,310,1.24
305,73,2.0
305,128,2.46
305,143,2.2
305,275,2.45
305,171,2.85
305,423,3.76
305,295,3.22
305,162,2.33
305,337,2.57
305,180,3.76
305,136,1.62
305,86,2.61
306,27,1.88
306,62,2.17
306,14,2.94
306,467,2.46
306,405,2.02
306,455,2.04
306,136,2.5
306,284,1.82
306,294,2.02
306,51,2.64
306,489,2.7
306,264,2.46
307,349,2.99
307,473,1.96
307,33,1.84
307,310,2.9
307,83,2.99
307,44,2.27
307,309,2.12
307,233,3.74
307,491,2.47
307,353,1.74
307,168,3.68
307,48,3.15
308,367,1.46
308,108,1.81
308,165,3.14
308,388,2.29
308,352,1.76
308,251,1.0
308,141,3.18
308,449,1.57
308,268,1.29
308,498,2.31
308,84,2.68
308,62,2.05
309,110,2.22
309,440,3.24
309,315,2.97
309,310,2.57
309,121,1.81
309,159,2.29
309,198,1.43
309,328,2.22
309,256,2.21
309,97,3.67
309,371,2.77
309,450,2.22
310,480,2.55
310,154,4.05
310,63,2.19
310,36,2.67
310,67,2.39
310,429,2.02
310,475,2.92
310,245,2.2
310,281,1.8
310,133,3.14
310,84,2.55
310,362,2.24
311,165,2.18
311,16,2.58
311,232,3.5
311,485,2.01
311,396,2.23
311,322,1.43
311,129,2.57
311,266,1.63
311,60,2.29
311,98,3.16
311,229,2.24
311,486,2.39
312,29,3.3
312,415,3.39
312,183,2.32
312,238,1.8
312,355,4.21
312,250,2.76
312,464,1.64
312,180,3.53
312,237,3.02
312,487,3.67
312,122,1.49
312,389,2.83
313,236,2.57
313,36,3.39
313,89,2.33
313,384,2.18
313,325,1.93
313,261,2.23
313,251,2.18
313,56,2.45
313,6,2.64
313,15,2.44
313,173,2.05
313,485,1.49
314,36,3.13
314,41,3.1
314,308,3.1
314,126,2.85
314,369,3.39
314,423,2.73
314,131,3.23
314,474,2.89
314,497,2.69
314,70,3.11
314,263,3.04
314,451,3.42
315,229,2.33
315,213,1.99
315,455,3.84
315,196,2.41
315,434,2.25
315,367,2.34
315,280,3.65
315,131,2.18
315,399,3.71
315,488,3.29
315,3,1.97
315,406,2.19
316,444,2.07
316,42,3.03
316,5,3.16
316,64,3.91
316,18,1.58
316,17,2.28
316,63,1.63
316,400,3.37
316,192,2.7
316,338,2.64
316,275,2.62
316,347,2.91
317,145,1.52
317,55,2.25
317,144,3.98
317,172,2.17
317,324,5.0
317,400,2.15
317,65,2.86
317,128,2.2
317,180,2.45
317,290,3.42
317,435,1.7
317,9,2.03
318,48,4.19
318,271,2.21
318,425,2.32
318,456,1.86
318,280,2.51
318,486,2.4
318,259,1.48
318,46,2.45
318,306,1.77
318,444,2.25
318,386,1.56
318,70,4.13
319,463,2.84
319,396,2.53
319,363,1.65
319,168,2.39
319,430,3.09
319,353,1.91
319,115,2.66
319,297,2.58
319,395,2.01
319,55,1.66
319,204,2.53
319,209,2.31
320,234,2.19
320,328,2.27
320,67,1.99
320,150,3.02
320,412,3.72
320,378,1.0
320,457,3.1
320,4,2.1
320,365,1.41
320,299,1.66
320,499,3.56
320,12,2.49
321,311,2.26
321,70,3.07
321,413,2.57
321,180,3.24
321,43,1.91
321,115,2.16
321,421,1.96
321,30,3.09
321,85,1.95
321,29,1.56
321,353,2.17
321,256,1.32
322,387,2.68
322,464,3.26
322,257,2.18
322,247,1.98
322,281,1.91
322,44,1.75
322,29,2.21
322,477,2.44
322,157,3.04
322,462,3.23
322,61,3.8
322,301,1.85
323,128,2.26
323,498,4.73
323,16,2.23
323,433,1.72
323,173,2.11
323,223,3.41
323,242,2.46
323,62,1.69
323,193,2.22
323,32,1.9
323,267,1.94
323,249,2.34
324,206,3.4
324,52,2.3
324,415,3.68
324,180,3.38
324,320,4.03
324,223,3.68
324,220,2.72
324,427,1.63
324,48,3.3
324,335,2.88
324,400,2.91
324,24,3.22
325,143,1.33
325,79,2.03
325,441,2.84
325,132,4.13
325,353,2.87
325,323,1.77
325,88,1.72
325,228,2.03
325,195,2.24
325,75,1.95
325,117,2.71
325,45,2.19
326,409,1.54
326,18,2.11
326,192,2.1
326,113,4.47
326,29,1.08
326,286,4.19
326,274,2.19
326,487,2.05
326,62,2.71
326,218,3.12
326,26,2.6
326,303,2.73
327,52,2.65
327,441,2.65
327,277,2.73
327,321,1.71
327,122,2.06
327,162,2.43
327,422,2.57
327,358,2.71
327,9,3.67
327,496,2.29
327,285,2.35
327,453,3.02
328,19,3.38
328,62,2.48
328,82,1.56
328,330,3.08
328,405,1.79
328,180,2.94
328,198,1.83
328,71,3.15
328,470,2.76
328,442,2.74
328,32,3.35
328,203,2.48
329,117,1.7
329,284,2.17
329,308,2.22
329,346,1.83
329,24,3.23
329,112,2.56
329,297,2.38
329,448,2.22
329,71,1.71
329,126,1.57
329,125,1.8
329,128,2.36
330,425,2.23
330,84,2.3
330,486,2.31
330,102,1.61
330,333,2.53
330,396,2.51
330,417,2.16
330,31,1.64
330,157,1.64
330,46,1.87
330,145,2.23
330,188,2.32
331,285,1.83
331,331,1.6
331,387,3.59
331,412,2.01
331,70,3.32
331,330,2.76
331,488,4.49
331,161,2.46
331,357,1.55
331,485,2.07
331,383,3.87
331,435,2.17
332,449,2.47
332,225,3.2
332,266,2.58
332,228,2.86
332,101,2.21
332,440,3.54
332,127,2.91
332,415,2.57
332,450,1.84
332,37,2.38
332,28,2.3
332,412,3.4
333,316,2.38
333,175,1.83
333,154,2.94
333,155,2.39
333,277,2.44
333,392,2.19
333,34,2.6
333,6,2.73
333,500,3.54
333,426,2.11
333,90,2.21
333,314,1.93
334,326,2.03
334,315,2.65
334,5,3.21
334,133,2.36
334,453,2.34
334,24,2.13
334,367,2.27
334,439,2.55
334,100,2.08
334,459,2.44
334,297,2.28
334,471,2.94
335,4,2.41
335,127,2.56
335,464,3.08
335,52,2.67
335,12,2.73
335,498,2.18
335,386,1.89
335,172,2.69
335,74,1.96
335,9,2.41
335,195,1.77
335,427,3.07
336,379,1.67
336,412,3.39
336,243,3.2
336,282,2.81
336,316,2.54
336,343,3.97
336,329,1.65
336,57,1.27
336,203,2.78
336,435,1.52
336,403,2.78
336,15,2.34
337,198,2.14
337,145,1.22
337,85,1.88
337,319,2.31
337,427,2.4
337,179,2.55
337,464,3.1
337,408,3.47
337,41,2.52
337,475,2.62
337,271,2.37
337,391,3.74
338,421,1.57
338,487,2.54
338,270,1.96
338,354,3.7
338,398,3.27
338,36,1.98
338,268,2.25
338,120,4.59
338,203,2.28
338,233,1.7
338,303,1.85
338,264,2.59
339,399,2.27
339,354,3.48
339,170,3.56
339,476,2.45
339,222,3.57
339,80,3.07
339,483,2.64
339,240,2.85
339,383,3.46
339,68,3.16
339,188,3.2
339,179,3.12
340,475,3.48
340,363,1.82
340,59,1.96
340,451,3.01
340,348,3.1
340,407,2.44
340,56,2.73
340,126,1.74
340,334,2.98
340,121,1.44
340,163,3.2
340,206,1.87
341,4,2.64
341,125,2.15
341,98,3.75
341,228,2.41
341,351,2.57
341,379,2.44
341,89,2.96
341,262,3.49
341,126,2.55
341,72,3.84
341,401,3.06
341,10,2.06
342,241,3.57
342,342,3.53
342,329,2.87
342,386,1.71
342,358,3.34
342,84,1.72
342,357,2.29
342,46,2.67
342,293,2.27
342,137,1.99
342,353,2.39
342,397,2.23
343,26,3.31
343,42,2.87
343,439,2.42
343,370,2.66
343,233,1.57
343,48,1.91
343,181,2.25
343,238,2.76
343,400,2.7
343,283,2.15
343,108,2.19
343,447,2.37
344,17,2.63
344,408,1.93
344,386,2.66
344,196,2.23
344,71,3.51
344,113,3.31
344,185,2.29
344,121,2.1
344,57,3.09
344,450,2.22
344,275,2.96
344,126,1.46
345,290,3.37
345,168,3.04
345,372,2.41
345,149,2.66
345,392,2.12
345,267,2.82
345,69,2.65
345,304,2.05
345,130,2.33
345,65,1.93
345,28,2.33
345,96,2.81
346,82,2.59
346,11,2.78
346,145,2.33
346,206,2.35
346,55,1.66
346,41,2.35
346,311,1.51
346,422,3.6
346,395,1.96
346,258,1.88
346,426,2.31
346,144,2.81
347,116,1.73
347,487,4.02
347,472,2.36
347,249,2.48
347,243,2.39
347,253,2.33
347,148,2.14
347,86,2.07
347,357,1.94
347,499,2.32
347,118,1.92
347,350,2.03
348,141,1.83
348,285,3.29
348,443,3.29
348,413,2.81
348,55,1.95
348,401,3.58
348,261,3.89
348,179,3.09
348,468,2.45
348,50,4.29
348,21,2.92
348,379,1.85
349,479,3.21
349,424,1.98
349,10,2.54
349,267,3.06
349,142,4.2
349,133,3.3
349,36,3.05
349,5,2.73
349,106,2.45
349,381,2.3
349,29,2.14
349,414,2.46
350,5,1.45
350,123,2.02
350,460,2.17
350,349,3.26
350,125,1.76
350,500,1.77
350,217,2.2
350,184,2.49
350,393,3.36
350,415,3.16
350,26,2.32
350,327,2.34
351,308,3.16
351,322,3.13
351,205,3.16
351,292,3.01
351,23,4.0
351,445,2.9
351,343,3.08
351,16,3.01
351,213,3.0
351,477,2.9
351,406,3.25
351,52,3.92
352,268,2.84
352,336,2.8
352,280,3.3
352,76,2.57
352,406,3.17
352,65,3.21
352,246,3.48
352,344,3.24
352,288,2.72
352,165,2.85
352,407,2.63
352,162,2.81
353,201,2.11
353,163,1.95
353,19,2.55
353,110,2.05
353,57,2.59
353,29,2.63
353,97,2.54
353,378,1.35
353,256,2.36
353,222,2.31
353,49,2.38
353,343,3.14
354,306,2.53
354,223,2.13
354,181,3.06
354,201,1.72
354,314,1.87
354,62,2.07
354,431,1.98
354,185,2.61
354,99,2.18
354,265,1.99
354,379,2.49
354,395,1.79
355,29,2.85
355,383,3.35
355,343,2.66
355,312,1.88
355,213,2.0
355,296,2.62
355,168,3.68
355,206,4.02
355,295,2.35
355,348,4.07
355,282,2.83
355,438,2.29
356,471,3.31
356,229,2.22
356,252,2.04
356,235,2.02
356,54,2.44
356,338,1.62
356,294,1.94
356,312,2.14
356,67,3.33
356,335,3.08
356,60,2.1
356,402,1.82
357,374,2.42
357,398,2.18
357,284,3.32
357,280,2.7
357,498,3.12
357,179,2.27
357,56,4.93
357,499,2.32
357,151,1.85
357,206,2.75
357,256,2.51
357,29,3.34
358,463,2.93
358,324,3.18
358,70,1.63
358,186,1.91
358,304,2.11
358,451,2.72
358,73,1.91
358,233,3.42
358,274,2.06
358,380,3.69
358,56,2.26
358,484,2.01
359,55,2.26
359,328,3.53
359,100,2.34
359,304,2.0
359,167,3.49
359,152,1.75
359,449,2.59
359,40,2.45
359,366,1.66
359,180,2.81
359,239,1.84
359,39,1.78
360,197,1.71
360,17,1.6
360,497,2.16
360,129,1.74
360,207,1.73
360,12,2.71
360,263,2.44
360,11,1.73
360,261,2.4
360,462,3.65
360,418,2.42
360,316,2.01
361,55,2.38
361,177,1.81
361,39,1.83
361,236,2.55
361,303,2.45
361,423,2.91
361,38,1.58
361,225,2.54
361,17,2.86
361,218,3.57
361,86,1.49
361,227,1.86
362,433,2.03
362,409,2.33
362,72,1.78
362,249,2.53
362,485,2.66
362,472,2.21
362,125,2.87
362,176,2.45
362,385,1.57
362,46,4.88
362,233,2.19
362,45,4.62
363,213,2.55
363,369,2.16
363,126,1.88
363,253,1.68
363,307,2.46
363,128,1.94
363,186,2.33
363,435,2.57
363,445,3.24
363,500,2.1
363,179,1.93
363,420,2.89
364,124,2.3
364,242,2.19
364,273,1.91
364,490,2.78
364,11,1.95
364,32,2.7
364,435,1.73
364,430,1.96
364,188,3.2
364,398,2.73
364,167,1.72
364,328,3.47
365,228,3.07
365,367,3.11
365,389,2.67
365,276,3.12
365,220,2.83
365,466,3.39
365,491,2.98
365,469,2.78
365,494,3.98
365,121,3.67
365,1,2.97
365,419,2.9
366,60,1.82
366,478,3.08
366,481,3.47
366,67,2.39
366,226,1.81
366,330,2.21
366,92,3.79
366,326,2.42
366,83,2.73
366,268,1.83
366,44,1.82
366,429,2.12
367,387,2.63
367,98,2.57
367,408,1.93
367,280,2.45
367,286,3.2
367,417,2.1
367,485,2.18
367,133,2.89
367,3,1.9
367,123,1.53
367,382,2.35
367,472,2.01
368,497,3.11
368,40,3.03
368,286,2.96
368,174,3.31
368,460,2.71
368,260,3.21
368,133,2.33
368,403,2.58
368,250,2.27
368,480,2.8
368,52,2.88
368,417,2.94
369,296,2.02
369,336,2.38
369,441,2.23
369,194,1.48
369,204,3.48
369,22,1.89
369,348,2.83
369,217,2.86
369,263,1.87
369,252,1.61
369,479,3.32
369,305,2.38
370,263,2.45
370,149,3.31
370,153,3.95
370,66,1.91
370,319,2.21
370,413,1.81
370,5,2.84
370,475,2.53
370,321,1.68
370,281,3.34
370,9,2.29
370,443,2.01
371,138,3.67
371,179,1.47
371,193,1.83
371,228,1.84
371,27,2.06
371,388,2.06
371,128,2.34
371,243,3.55
371,81,1.51
371,31,2.68
371,285,2.38
371,358,2.96
372,92,2.34
372,98,2.41
372,81,1.58
372,460,2.56
372,35,2.19
372,99,2.03
372,428,1.7
372,195,3.7
372,213,1.86
372,412,2.4
372,473,3.23
372,102,2.39
373,472,2.22
373,96,1.82
373,245,3.93
373,105,2.61
373,83,3.25
373,99,2.23
373,84,2.17
373,342,2.81
373,465,4.0
373,473,1.89
373,490,2.31
373,374,1.98
374,329,2.32
374,370,2.27
374,367,2.34
374,169,2.23
374,172,2.64
374,489,2.29
374,48,3.23
374,265,1.38
374,316,2.06
374,101,1.78
374,140,2.04
374,82,1.88
375,82,3.24
375,499,1.79
375,358,1.98
375,479,3.81
375,300,2.12
375,475,2.28
375,404,1.79
375,180,3.08
375,28,3.0
375,151,2.11
375,19,2.56
375,324,2.22
376,402,1.53
376,139,2.62
376,109,3.11
376,161,1.51
376,294,2.25
376,209,3.04
376,305,2.6
376,485,1.61
376,401,3.74
376,198,2.89
376,153,2.18
376,310,1.9
377,305,2.24
377,336,2.23
377,396,2.29
377,184,2.23
377,177,2.98
377,413,2.94
377,394,2.91
377,147,1.99
377,414,3.0
377,464,2.99
377,94,2.79
377,421,2.64
378,366,2.53
378,429,2.13
378,224,2.17
378,67,3.72
378,223,3.44
378,497,2.87
378,148,2.64
378,319,3.79
378,308,1.83
378,255,2.78
378,483,3.09
378,179,4.36
379,252,2.33
379,342,2.41
379,242,2.17
379,153,2.26
379,428,2.35
379,51,2.15
379,40,3.75
379,495,2.87
379,46,4.16
379,228,3.36
379,478,1.87
379,416,2.73
380,498,4.15
380,147,3.55
380,104,1.96
380,145,1.77
380,18,1.53
380,102,2.56
380,137,3.55
380,458,2.19
380,335,2.06
380,312,3.82
380,452,1.83
380,364,2.59
381,291,1.93
381,365,1.11
381,246,4.62
381,360,2.35
381,413,2.05
381,382,2.55
381,175,2.92
381,487,3.09
381,6,3.42
381,139,1.77
381,300,2.48
381,149,3.52
382,280,1.97
382,257,2.17
382,304,1.74
382,369,2.07
382,282,2.26
382,139,1.78
382,13,2.0
382,446,1.79
382,305,2.69
382,82,4.0
382,331,3.24
382,387,3.26
383,124,2.45
383,74,1.74
383,227,3.46
383,176,2.07
383,429,1.94
383,73,2.88
383,160,2.93
383,55,1.88
383,367,1.57
383,205,3.03
383,394,3.59
383,434,2.88
384,276,2.73
384,239,1.93
384,266,2.87
384,463,2.72
384,176,3.01
384,249,2.46
384,397,3.23
384,205,2.46
384,359,2.96
384,9,3.14
384,486,3.24
384,29,2.22
385,163,3.28
385,224,1.49
385,395,3.33
385,461,2.67
385,183,2.29
385,290,3.57
385,323,1.63
385,398,1.99
385,416,2.78
385,76,3.26
385,449,2.31
385,472,2.24
386,441,2.68
386,320,2.54
386,306,3.1
386,258,2.65
386,322,4.3
386,195,3.11
386,120,2.88
386,94,3.17
386,202,1.66
386,62,1.61
386,483,2.07
386,5,2.37
387,163,1.53
387,444,2.31
387,105,2.67
387,487,3.36
387,138,4.08
387,2,3.14
387,403,2.41
387,208,2.05
387,272,1.77
387,341,1.34
387,139,2.42
387,484,3.14
388,142,2.11
388,250,3.71
388,238,1.74
388,359,2.43
388,160,2.39
388,192,2.09
388,272,2.44
388,11,2.2
388,155,2.74
388,235,2.86
388,333,2.23
388,246,2.26
389,169,2.23
389,168,2.34
389,277,2.75
389,140,2.38
389,363,1.96
389,176,1.87
389,241,2.31
389,331,2.61
389,232,3.13
389,215,2.92
389,225,2.96
389,366,3.93
390,92,2.82
390,210,1.11
390,166,1.94
390,308,1.89
390,97,2.14
390,322,1.95
390,483,1.89
390,266,1.68
390,391,1.67
390,106,2.17
390,408,2.6
390,156,3.27
391,419,3.51
391,247,2.33
391,493,2.72
391,359,3.13
391,333,2.74
391,231,3.3
391,400,2.45
391,344,2.1
391,258,1.73
391,317,3.55
391,394,3.03
391,220,2.35
392,488,4.38
392,474,2.68
392,241,3.28
392,377,1.8
392,133,1.61
392,360,3.78
392,324,3.47
392,380,3.19
392,402,2.19
392,290,3.15
392,384,2.51
392,435,3.23
393,155,1.94
393,363,2.03
393,415,2.55
393,159,2.39
393,289,1.69
393,143,2.32
393,188,2.35
393,147,2.28
393,30,3.38
393,120,2.36
393,399,1.98
393,480,1.68
394,53,2.6
394,69,1.78
394,467,3.03
394,319,1.8
394,471,3.54
394,27,2.25
394,409,1.39
394,202,2.77
394,463,2.87
394,447,2.42
394,426,2.18
394,335,3.89
395,113,3.54
395,406,2.01
395,151,2.36
395,82,3.47
395,357,2.13
395,317,2.83
395,103,1.67
395,392,3.18
395,362,2.05
395,353,2.02
395,237,2.1
395,123,1.48
396,472,2.74
396,195,2.83
396,334,3.26
396,29,1.94
396,303,2.32
396,134,2.39
396,460,2.12
396,238,2.63
396,116,3.3
396,236,2.18
396,120,3.16
396,454,2.04
397,222,2.56
397,357,2.21
397,14,3.19
397,213,1.92
397,466,2.02
397,108,1.79
397,320,2.48
397,380,3.07
397,177,2.34
397,237,2.7
397,379,2.03
397,144,3.66
398,155,2.33
398,397,1.64
398,133,2.6
398,318,4.04
398,282,2.44
398,422,3.75
398,88,2.46
398,278,1.91
398,31,2.19
398,492,1.63
398,199,1.85
398,45,2.9
399,285,2.13
399,437,2.69
399,293,3.64
399,163,1.57
399,310,1.53
399,46,2.32
399,309,2.65
399,87,3.58
399,400,3.45
399,265,2.02
399,108,2.76
399,465,2.53
400,75,1.8
400,279,1.9
400,210,2.5
400,122,2.79
400,362,4.48
400,68,2.93
400,290,3.02
400,81,2.25
400,55,2.01
400,262,2.39
400,135,1.98
400,305,2.73
